carrera,tasa_asistencia
Ing. Informatica,0.39893617021276595
Psicologia,0.3932748538011696
Ing. Civil,0.3870967741935484
Administracion,0.37727272727272726
Arquitectura,0.34561368421052635
Derecho,0.3391304347826087
Enfermeria,0.3254982905982906
